"Ref","Value","Footprint","Manufacturer","Part#","Digikey#","LCSC#"
"AE1","Antenna_Shield","Connector_Coaxial:U.FL_Hirose_U.FL-R-SMT-1_Vertical","Hirose","U.FL-R-SMT-1(10)","H11891TR-ND","C434808"
"C1, C4, C5, C8, C9, C12, C15, C18, C19, C22, C27, C51, C52","100nF","Capacitor_SMD:C_0201_0603Metric","Yageo","CC0201MRX5R5BB104","311-3700-2-ND","C277512"
"C2, C3, C6, C7, C10, C11, C16, C17, C20, C21, C28","22pF","Capacitor_SMD:C_0201_0603Metric","Yageo","CC0201GRNPO9BN220","311-3681-2-ND","C526932"
"C13, C14, C25, C50, C56, C57, C58","1uF","Capacitor_SMD:C_0201_0603Metric","Yageo","CC0201MRX5R5BB105","311-1613-2-ND","C272877"
"C23, C55","4.7uF","Capacitor_SMD:C_0402_1005Metric","Yageo","CC0402KRX5R6BB475","311-3477-2-ND","C326586"
"C24, C36, C53, C54","10uF","Capacitor_SMD:C_0402_1005Metric","Yageo","CC0402MRX5R6BB106","311-3480-2-ND","C962143"
"C26","47nF","Capacitor_SMD:C_0201_0603Metric","Yageo","CC0201KRX5R6BB473","13-CC0201KRX5R6BB473TR-ND","C325447"
"C29","33pF","Capacitor_SMD:C_0201_0603Metric","Yageo","CC0201JRNPO8BN330","311-1381-2-ND","C513616"
"C30, C31, C35, C46","2.2uF","Capacitor_SMD:C_0402_1005Metric","Yageo","CC0402MRX5R6BB225","311-1733-2-ND","C541410"
"C32, C33, C34, C37, C39, C40, C41, C42, C45, C47, C48, C49","100pF","Capacitor_SMD:C_0201_0603Metric","Yageo","CC0201JRNPO8BN101","311-1382-2-ND","C389108"
"C38","1nF","Capacitor_SMD:C_0201_0603Metric","Yageo","CC0201KRX7R7BB102","311-1399-2-ND","C541217"
"C43","9.2pF","Capacitor_SMD:C_0201_0603Metric","Murata","GJM0335C1E9R2CB01D","490-17292-2-ND","-"
"C44","2.2pF","Capacitor_SMD:C_0201_0603Metric","Yageo","CC0201BRNPO8BN2R2","311-3289-2-ND","C541170"
"D1","LED","LED_SMD:LED_0402_1005Metric","Everlight","16-213/SURC/S530-A3/TR8","-","C136765"
"L1, L2, L3, L4, L5, L6, L7, L8, L9, L10","120@100MHz","Inductor_SMD:L_0201_0603Metric","Murata","BLM03AG121SN1D","490-2557-2-ND","C97850"
"L11","2.2uH","Inductor_SMD:L_0805_2012Metric","Murata","LQM21PN2R2MC0D","490-4994-2-ND","C98033"
"L12","15nH","Inductor_SMD:L_0201_0603Metric","Murata","LQP03TG15NJ02D","490-12895-2-ND","C237404"
"L13","27nH","Inductor_SMD:L_0201_0603Metric","Murata","LQP03TG27NJ02D","490-12942-2-ND","-"
"L14","18nH","Inductor_SMD:L_0201_0603Metric","Murata","LQP03TG18NJ02D","490-12896-2-ND","C237575"
"L15","12nH","Inductor_SMD:L_0201_0603Metric","Murata","LQP03TG12NJ02D","490-12894-2-ND","C206457"
"L16","30nH","Inductor_SMD:L_0201_0603Metric","Murata","LQP03TN30NH02D","490-13005-2-ND","C206430"
"L17","51nH","Inductor_SMD:L_0201_0603Metric","Murata","LQP03TN51NH02D","490-13014-2-ND","-"
"L18","10uH","Inductor_SMD:L_0805_2012Metric","Murata","LQM21FN100M80L","490-6682-2-ND","C162582"
"Q1","DMP21D0UFB4","Package_TO_SOT_SMD:SOT-883","Diodes","DMP21D0UFB4-7B","DMP21D0UFB4-7BDITR-ND","C155329"
"Q2","PMZ290UNE2","Package_TO_SOT_SMD:SOT-883","Nexperia","PMZ290UNE2YL","1727-2233-2-ND","C478155"
"R1, R2, R3","100K","Resistor_SMD:R_0201_0603Metric","Yageo","AC0201FR-07100KL","YAG3411TR-ND","C226394"
"R4","33K,1%","Resistor_SMD:R_0201_0603Metric","Yageo","RC0201FR-0733KL","YAG2282TR-ND","C155694"
"R5","3.9","Resistor_SMD:R_0402_1005Metric","Yageo","RC0402FR-073R9L","13-RC0402FR-073R9LTR-ND","C137985"
"R6","47","Resistor_SMD:R_0402_1005Metric","Yageo","RC0402FR-0747RL","311-47.0LRTR-ND","C137973"
"R7","220","Resistor_SMD:R_0201_0603Metric","Yageo","RC0201FR-07220KL","YAG2277TR-ND","C142020"
"R8","470","Resistor_SMD:R_0402_1005Metric","Yageo","RC0402FR-07470RL","311-470LRTR-ND","C114877"
"R9","3.09M","Resistor_SMD:R_0201_0603Metric","Yageo","RC0201FR-073M09L","RC0201FR-073M09L-ND","-"
"R10","1M","Resistor_SMD:R_0201_0603Metric","Yageo","RC0201FR-071ML","311-1MMTR-ND","C295786"
"R11","100","Resistor_SMD:R_0402_1005Metric","Yageo","RC0402JR-07100RL","311-100JRTR-ND","C106233"
"U1","LP5907SNX-3.0","Package_SON:Texas_X2SON-4_1x1mm_P0.65mm","TI","LP5907SNX-3.0/NOPB","296-39065-2-ND","C182423"
"U2","TPS62748","Package_BGA:Texas_DSBGA-8_0.9x1.9mm_Layout2x4_P0.5mm","TI","TPS62748YFPT","296-43000-2-ND","C133949"
"U3","ARTIC-R2","Package_DFN_QFN:QFN-48-1EP_7x7mm_P0.5mm_EP5.6x5.6mm","-","-","-","-"
"U4","AT25DF041B-UUN-T","Package_CSP:WLCSP-8_1.58x1.63x0.35mm_Layout3x5_P0.35x0.4mm_Ball0.25mm_Pad0.25mm_NSMD","Adesto","AT25DF041B-UUN-T","1265-1222-2-ND","-"
"U5","RFPA0133","Package_DFN_QFN:QFN-16-1EP_3x3mm_P0.5mm_EP1.7x1.7mm","Qorvo","RFPA0133TR7","-","C470930"
"U6","AS179-92LF","Package_TO_SOT_SMD:SOT-363_SC-70-6","Skyworks","AS179-92LF","863-1003-2-ND","C83422"
"U7","STM32L011F4Ux","Package_DFN_QFN:ST_UFQFPN-20_3x3mm_P0.5mm","ST","STM32L011F4U6TR","497-17478-2-ND","C329283"
"U8","ADP122AUJZ-3.3","Package_TO_SOT_SMD:TSOT-23-5","Analog","ADP122AUJZ-3.3-R7","ADP122AUJZ-3.3-R7TR-ND","C143910"
"U9","LTC3105EDD","Package_DFN_QFN:DFN-10-1EP_3x3mm_P0.5mm_EP1.65x2.38mm","Analog","LTC3105EDD#TRPBF","LTC3105EDD#TRPBFTR-ND","C684029"
"X1","TCXO, 26MHz, <1ppm","Crystal:Crystal_SMD_2016-4Pin_2.0x1.6mm","ECS","ECS-TXO-20CSMV-260-AY-TR","50-ECS-TXO-20CSMV-260-AY-TR-ND","-"
